CINUM,CINAME,DESCRIPTION,CLASSSTRUCTUREID,CMDB,STATUS,MAINIPLB
WAFVIP-10.190.250.31,WAFVIP-10.190.250.31,AR_VIP,CMDB-IP-WAFVIP,1,OPERATING,10.190.250.31
WAFVIP-10.190.250.83,WAFVIP-10.190.250.83,ATS-DOKKI,CMDB-IP-WAFVIP,1,OPERATING,10.190.250.83
WAFVIP-10.190.250.203,WAFVIP-10.190.250.203,ATS-DOKKI-clone,CMDB-IP-WAFVIP,1,OPERATING,10.190.250.203
WAFVIP-10.190.250.42,WAFVIP-10.190.250.42,ATSPortal,CMDB-IP-WAFVIP,1,OPERATING,10.190.250.42
WAFVIP-10.190.250.8,WAFVIP-10.190.250.8,AgentTask2,CMDB-IP-WAFVIP,1,OPERATING,10.190.250.8
WAFVIP-10.190.250.204,WAFVIP-10.190.250.204,AgentTask2-Clone,CMDB-IP-WAFVIP,1,OPERATING,10.190.250.204
WAFVIP-10.190.250.111,WAFVIP-10.190.250.111,Anti-Corruption-Audit-Vip,CMDB-IP-WAFVIP,1,OPERATING,10.190.250.111
WAFVIP-10.190.250.112,WAFVIP-10.190.250.112,Anti-Corruption-VIP,CMDB-IP-WAFVIP,1,OPERATING,10.190.250.112
WAFVIP-10.190.250.182,WAFVIP-10.190.250.182,AppDynamics-ENTERPRISECONSOLE-VIP,CMDB-IP-WAFVIP,1,OPERATING,10.190.250.182
WAFVIP-10.190.250.181,WAFVIP-10.190.250.181,AppDynamics-VIP,CMDB-IP-WAFVIP,1,OPERATING,10.190.250.181
WAFVIP-10.190.250.19,WAFVIP-10.190.250.19,Backup_Project_PO1,CMDB-IP-WAFVIP,1,OPERATING,10.190.250.19
WAFVIP-10.190.250.69,WAFVIP-10.190.250.69,Backup_Project_PO1_Blocking,CMDB-IP-WAFVIP,1,OPERATING,10.190.250.69
WAFVIP-10.190.250.70,WAFVIP-10.190.250.70,Boxes-Cabinet-Reporting-Tool-Mobile,CMDB-IP-WAFVIP,1,OPERATING,10.190.250.70
WAFVIP-10.190.250.71,WAFVIP-10.190.250.71,Boxes-Cabinet-Reporting-Tool-Web,CMDB-IP-WAFVIP,1,OPERATING,10.190.250.71
WAFVIP-10.190.250.56,WAFVIP-10.190.250.56,Boxes-and-cabinets-admin,CMDB-IP-WAFVIP,1,OPERATING,10.190.250.56
WAFVIP-10.190.250.57,WAFVIP-10.190.250.57,Boxes-and-cabinets-custumers,CMDB-IP-WAFVIP,1,OPERATING,10.190.250.57
WAFVIP-10.190.250.82,WAFVIP-10.190.250.82,Budget,CMDB-IP-WAFVIP,1,OPERATING,10.190.250.82
WAFVIP-10.190.250.76,WAFVIP-10.190.250.76,CHI-Test-VIP,CMDB-IP-WAFVIP,1,OPERATING,10.190.250.76
WAFVIP-10.190.250.132,WAFVIP-10.190.250.132,CMS-BE-INT-VIP,CMDB-IP-WAFVIP,1,OPERATING,10.190.250.132
WAFVIP-10.190.250.133,WAFVIP-10.190.250.133,CMS-BE-INT-VIP-TEST,CMDB-IP-WAFVIP,1,OPERATING,10.190.250.133
WAFVIP-10.190.250.103,WAFVIP-10.190.250.103,CMS-FE-TEST-VS,CMDB-IP-WAFVIP,1,OPERATING,10.190.250.103
WAFVIP-10.190.250.123,WAFVIP-10.190.250.123,CRM_FE_VIP,CMDB-IP-WAFVIP,1,OPERATING,10.190.250.123
WAFVIP-10.190.250.47,WAFVIP-10.190.250.47,CSA-Remedy-Reporting,CMDB-IP-WAFVIP,1,OPERATING,10.190.250.47
WAFVIP-10.190.250.205,WAFVIP-10.190.250.205,CSA-Remedy-Reporting-Clone,CMDB-IP-WAFVIP,1,OPERATING,10.190.250.205
WAFVIP-10.190.250.43,WAFVIP-10.190.250.43,CSIPortal,CMDB-IP-WAFVIP,1,OPERATING,10.190.250.43
WAFVIP-10.190.250.99,WAFVIP-10.190.250.99,CX-Survey-Prod-Back,CMDB-IP-WAFVIP,1,OPERATING,10.190.250.99
WAFVIP-10.190.250.90,WAFVIP-10.190.250.90,CallRecords,CMDB-IP-WAFVIP,1,OPERATING,10.190.250.90
WAFVIP-10.190.250.206,WAFVIP-10.190.250.206,CallRecords-Clone,CMDB-IP-WAFVIP,1,OPERATING,10.190.250.206
WAFVIP-10.190.250.73,WAFVIP-10.190.250.73,Cleansing-Mobile-APP,CMDB-IP-WAFVIP,1,OPERATING,10.190.250.73
WAFVIP-10.190.250.72,WAFVIP-10.190.250.72,Cleansing-Portal,CMDB-IP-WAFVIP,1,OPERATING,10.190.250.72
WAFVIP-10.190.250.217,WAFVIP-10.190.250.217,Cleansing-Portal-Admin-FE-Prod-APP-10.19.28.192,CMDB-IP-WAFVIP,1,OPERATING,10.190.250.217
WAFVIP-10.190.250.218,WAFVIP-10.190.250.218,Cleansing-Portal-Technician-FE-API-10.19.28.160,CMDB-IP-WAFVIP,1,OPERATING,10.190.250.218
WAFVIP-10.190.250.13,WAFVIP-10.190.250.13,Customer-Journey,CMDB-IP-WAFVIP,1,OPERATING,10.190.250.13
WAFVIP-10.190.250.119,WAFVIP-10.190.250.119,Customer_360_Administration-VIP,CMDB-IP-WAFVIP,1,OPERATING,10.190.250.119
WAFVIP-10.190.250.118,WAFVIP-10.190.250.118,Customer_360_Agents_Access-VIP,CMDB-IP-WAFVIP,1,OPERATING,10.190.250.118
WAFVIP-10.190.250.12,WAFVIP-10.190.250.12,DashBords_ITSM_VIP,CMDB-IP-WAFVIP,1,OPERATING,10.190.250.12
WAFVIP-10.190.250.65,WAFVIP-10.190.250.65,Digital-Mediation-Prod,CMDB-IP-WAFVIP,1,OPERATING,10.190.250.65
WAFVIP-10.190.250.64,WAFVIP-10.190.250.64,Digital-Mediation-Test,CMDB-IP-WAFVIP,1,OPERATING,10.190.250.64
WAFVIP-10.190.250.180,WAFVIP-10.190.250.180,Do-TesT-Application,CMDB-IP-WAFVIP,1,OPERATING,10.190.250.180
WAFVIP-10.190.250.44,WAFVIP-10.190.250.44,ECHPortal,CMDB-IP-WAFVIP,1,OPERATING,10.190.250.44
WAFVIP-10.190.250.219,WAFVIP-10.190.250.219,ECRM-QC-Test,CMDB-IP-WAFVIP,1,OPERATING,10.190.250.219
WAFVIP-10.190.250.250,WAFVIP-10.190.250.250,Equinox_Cutover_Avaya_VIP,CMDB-IP-WAFVIP,1,OPERATING,10.190.250.250
WAFVIP-10.190.250.115,WAFVIP-10.190.250.115,ExternalAnalyticsDashboard,CMDB-IP-WAFVIP,1,OPERATING,10.190.250.115
WAFVIP-10.190.250.107,WAFVIP-10.190.250.107,FCC-for-users,CMDB-IP-WAFVIP,1,OPERATING,10.190.250.107
WAFVIP-10.190.250.87,WAFVIP-10.190.250.87,FeildOperationPortal,CMDB-IP-WAFVIP,1,OPERATING,10.190.250.87
WAFVIP-10.190.250.207,WAFVIP-10.190.250.207,FeildOperationPortal-Clone,CMDB-IP-WAFVIP,1,OPERATING,10.190.250.207
WAFVIP-10.190.250.216,WAFVIP-10.190.250.216,FeildOperationPortal_Test_10.20.18.114,CMDB-IP-WAFVIP,1,OPERATING,10.190.250.216
WAFVIP-10.190.250.108,WAFVIP-10.190.250.108,Fiber-Indexation-10.19.63.84,CMDB-IP-WAFVIP,1,OPERATING,10.190.250.108
WAFVIP-10.190.250.9,WAFVIP-10.190.250.9,GateKeeper,CMDB-IP-WAFVIP,1,OPERATING,10.190.250.9
WAFVIP-10.190.250.208,WAFVIP-10.190.250.208,GateKeeper-Clone,CMDB-IP-WAFVIP,1,OPERATING,10.190.250.208
WAFVIP-10.190.250.25,WAFVIP-10.190.250.25,HPSM-Int-VIP,CMDB-IP-WAFVIP,1,OPERATING,10.190.250.25
WAFVIP-10.190.250.38,WAFVIP-10.190.250.38,HR-Archiving-VIP,CMDB-IP-WAFVIP,1,OPERATING,10.190.250.38
WAFVIP-10.190.250.67,WAFVIP-10.190.250.67,HR-Mobile-VIP,CMDB-IP-WAFVIP,1,OPERATING,10.190.250.67
WAFVIP-10.190.250.6,WAFVIP-10.190.250.6,ITSM-Admin-VIP,CMDB-IP-WAFVIP,1,OPERATING,10.190.250.6
WAFVIP-10.190.250.5,WAFVIP-10.190.250.5,ITSM-USER-VIP,CMDB-IP-WAFVIP,1,OPERATING,10.190.250.5
WAFVIP-10.190.250.89,WAFVIP-10.190.250.89,IVRDashboard,CMDB-IP-WAFVIP,1,OPERATING,10.190.250.89
WAFVIP-10.190.250.209,WAFVIP-10.190.250.209,IVRDashboard-Clone,CMDB-IP-WAFVIP,1,OPERATING,10.190.250.209
WAFVIP-10.190.250.88,WAFVIP-10.190.250.88,IVRIntegrationPo,CMDB-IP-WAFVIP,1,OPERATING,10.190.250.88
WAFVIP-10.190.250.210,WAFVIP-10.190.250.210,IVRIntegrationPo-Clone,CMDB-IP-WAFVIP,1,OPERATING,10.190.250.210
WAFVIP-10.190.250.86,WAFVIP-10.190.250.86,IVRPortal,CMDB-IP-WAFVIP,1,OPERATING,10.190.250.86
WAFVIP-10.190.250.211,WAFVIP-10.190.250.211,IVRPortal-Clone,CMDB-IP-WAFVIP,1,OPERATING,10.190.250.211
WAFVIP-10.190.250.130,WAFVIP-10.190.250.130,KAM_Services_VIP,CMDB-IP-WAFVIP,1,OPERATING,10.190.250.130
WAFVIP-10.190.250.226,WAFVIP-10.190.250.226,KPI-Portal-10.19.32.226-VIP,CMDB-IP-WAFVIP,1,OPERATING,10.190.250.226
WAFVIP-10.190.250.124,WAFVIP-10.190.250.124,KPI-Portal_new_production,CMDB-IP-WAFVIP,1,OPERATING,10.190.250.124
WAFVIP-10.190.250.75,WAFVIP-10.190.250.75,LoyalityAPI-8083,CMDB-IP-WAFVIP,1,OPERATING,10.190.250.75
WAFVIP-10.190.250.74,WAFVIP-10.190.250.74,Loyalty-API,CMDB-IP-WAFVIP,1,OPERATING,10.190.250.74
WAFVIP-10.190.250.120,WAFVIP-10.190.250.120,MDM-AdminConsole-VIP,CMDB-IP-WAFVIP,1,OPERATING,10.190.250.120
WAFVIP-10.190.250.122,WAFVIP-10.190.250.122,MDM-AdminConsole-VIP-Blocking,CMDB-IP-WAFVIP,1,OPERATING,10.190.250.122
WAFVIP-10.190.250.46,WAFVIP-10.190.250.46,MTP-10.19.44.103,CMDB-IP-WAFVIP,1,OPERATING,10.190.250.46
WAFVIP-10.190.250.97,WAFVIP-10.190.250.97,MW12_WE-Wallet-Prod-10.20.126.30,CMDB-IP-WAFVIP,1,OPERATING,10.190.250.97
WAFVIP-10.190.250.95,WAFVIP-10.190.250.95,MW12_WE-Wallet-test,CMDB-IP-WAFVIP,1,OPERATING,10.190.250.95
WAFVIP-10.190.250.55,WAFVIP-10.190.250.55,Manage_Engine_support_Center_VIP,CMDB-IP-WAFVIP,1,OPERATING,10.190.250.55
WAFVIP-10.190.250.7,WAFVIP-10.190.250.7,Markvision-VIP,CMDB-IP-WAFVIP,1,OPERATING,10.190.250.7
WAFVIP-10.190.250.84,WAFVIP-10.190.250.84,MedNet,CMDB-IP-WAFVIP,1,OPERATING,10.190.250.84
WAFVIP-10.190.250.114,WAFVIP-10.190.250.114,MobileAnalyticsDashboard,CMDB-IP-WAFVIP,1,OPERATING,10.190.250.114
WAFVIP-10.190.250.30,WAFVIP-10.190.250.30,Mobile_Wallet_Portal_VIP,CMDB-IP-WAFVIP,1,OPERATING,10.190.250.30
WAFVIP-10.190.250.68,WAFVIP-10.190.250.68,NORS_VS,CMDB-IP-WAFVIP,1,OPERATING,10.190.250.68
WAFVIP-10.190.250.78,WAFVIP-10.190.250.78,New_TT_CRM_10.19.191.210,CMDB-IP-WAFVIP,1,OPERATING,10.190.250.78
WAFVIP-10.190.250.94,WAFVIP-10.190.250.94,OAS-App-VIP,CMDB-IP-WAFVIP,1,OPERATING,10.190.250.94
WAFVIP-10.190.250.200,WAFVIP-10.190.250.200,One_stop_Shop_TEST_VIP,CMDB-IP-WAFVIP,1,OPERATING,10.190.250.200
WAFVIP-10.190.250.109,WAFVIP-10.190.250.109,OracleEBS-VIP,CMDB-IP-WAFVIP,1,OPERATING,10.190.250.109
WAFVIP-10.190.250.26,WAFVIP-10.190.250.26,Outage-portal-VIP,CMDB-IP-WAFVIP,1,OPERATING,10.190.250.26
WAFVIP-10.190.250.35,WAFVIP-10.190.250.35,Outage_VIP,CMDB-IP-WAFVIP,1,OPERATING,10.190.250.35
WAFVIP-10.190.250.212,WAFVIP-10.190.250.212,Outage_VIP-Clone,CMDB-IP-WAFVIP,1,OPERATING,10.190.250.212
WAFVIP-10.190.250.85,WAFVIP-10.190.250.85,Outbound,CMDB-IP-WAFVIP,1,OPERATING,10.190.250.85
WAFVIP-10.190.250.2,WAFVIP-10.190.250.2,PenTest_E_Invoice_VS,CMDB-IP-WAFVIP,1,OPERATING,10.190.250.2
WAFVIP-10.190.250.28,WAFVIP-10.190.250.28,Procurement,CMDB-IP-WAFVIP,1,OPERATING,10.190.250.28
WAFVIP-10.190.250.53,WAFVIP-10.190.250.53,Procurement9090,CMDB-IP-WAFVIP,1,OPERATING,10.190.250.53
WAFVIP-10.190.250.59,WAFVIP-10.190.250.59,Procurment-Admin,CMDB-IP-WAFVIP,1,OPERATING,10.190.250.59
WAFVIP-10.190.250.98,WAFVIP-10.190.250.98,PurchaseAPP_PROD_PR-10.19.26.115,CMDB-IP-WAFVIP,1,OPERATING,10.190.250.98
WAFVIP-10.190.250.121,WAFVIP-10.190.250.121,ROCFM_Test,CMDB-IP-WAFVIP,1,OPERATING,10.190.250.121
WAFVIP-10.190.250.10,WAFVIP-10.190.250.10,Reporting_ITSM_VIP,CMDB-IP-WAFVIP,1,OPERATING,10.190.250.10
WAFVIP-10.190.250.32,WAFVIP-10.190.250.32,Rightfax-FE,CMDB-IP-WAFVIP,1,OPERATING,10.190.250.32
WAFVIP-10.190.250.116,WAFVIP-10.190.250.116,RiskPortal-VIP,CMDB-IP-WAFVIP,1,OPERATING,10.190.250.116
WAFVIP-10.190.250.105,WAFVIP-10.190.250.105,Route12-LCR-VIP,CMDB-IP-WAFVIP,1,OPERATING,10.190.250.105
WAFVIP-10.190.250.105,WAFVIP-10.190.250.105,Route12-LCR-VIP-8443,CMDB-IP-WAFVIP,1,OPERATING,10.190.250.105
WAFVIP-10.190.250.37,WAFVIP-10.190.250.37,Shipment-DMS,CMDB-IP-WAFVIP,1,OPERATING,10.190.250.37
WAFVIP-10.190.250.220,WAFVIP-10.190.250.220,Social_Media_Test_Frontend,CMDB-IP-WAFVIP,1,OPERATING,10.190.250.220
WAFVIP-10.190.250.221,WAFVIP-10.190.250.221,Social_Media_Test_backend,CMDB-IP-WAFVIP,1,OPERATING,10.190.250.221
WAFVIP-10.190.250.222,WAFVIP-10.190.250.222,Social_Media_prod_backend,CMDB-IP-WAFVIP,1,OPERATING,10.190.250.222
WAFVIP-10.190.250.63,WAFVIP-10.190.250.63,TADDM,CMDB-IP-WAFVIP,1,OPERATING,10.190.250.63
WAFVIP-10.190.250.62,WAFVIP-10.190.250.62,TADDM-data-manage,CMDB-IP-WAFVIP,1,OPERATING,10.190.250.62
WAFVIP-10.190.250.100,WAFVIP-10.190.250.100,TED_ECRM_Admin,CMDB-IP-WAFVIP,1,OPERATING,10.190.250.100
WAFVIP-10.190.250.100,WAFVIP-10.190.250.100,TED_ECRM_Upgrade,CMDB-IP-WAFVIP,1,OPERATING,10.190.250.100
WAFVIP-10.190.250.101,WAFVIP-10.190.250.101,TMS-System-10.19.166.34,CMDB-IP-WAFVIP,1,OPERATING,10.190.250.101
WAFVIP-10.190.250.81,WAFVIP-10.190.250.81,Te-holding,CMDB-IP-WAFVIP,1,OPERATING,10.190.250.81
WAFVIP-10.190.250.48,WAFVIP-10.190.250.48,Teleopti-New-Environment,CMDB-IP-WAFVIP,1,OPERATING,10.190.250.48
WAFVIP-10.190.250.52,WAFVIP-10.190.250.52,TrainingSector,CMDB-IP-WAFVIP,1,OPERATING,10.190.250.52
WAFVIP-10.190.250.23,WAFVIP-10.190.250.23,VIP-Unified-IP-Ticket,CMDB-IP-WAFVIP,1,OPERATING,10.190.250.23
WAFVIP-10.190.250.29,WAFVIP-10.190.250.29,VS-Agent-Task-Test,CMDB-IP-WAFVIP,1,OPERATING,10.190.250.29
WAFVIP-10.190.250.14,WAFVIP-10.190.250.14,VS-CSWEBPRD,CMDB-IP-WAFVIP,1,OPERATING,10.190.250.14
WAFVIP-10.190.250.214,WAFVIP-10.190.250.214,VS-CSWEBPRD-Clone,CMDB-IP-WAFVIP,1,OPERATING,10.190.250.214
WAFVIP-10.190.250.45,WAFVIP-10.190.250.45,VS-ERP-PREPROD,CMDB-IP-WAFVIP,1,OPERATING,10.190.250.45
WAFVIP-10.190.250.39,WAFVIP-10.190.250.39,VS-ERP-PROD,CMDB-IP-WAFVIP,1,OPERATING,10.190.250.39
WAFVIP-10.190.250.18,WAFVIP-10.190.250.18,VS-Intrawe,CMDB-IP-WAFVIP,1,OPERATING,10.190.250.18
WAFVIP-10.190.250.15,WAFVIP-10.190.250.15,VS-ROC-RA,CMDB-IP-WAFVIP,1,OPERATING,10.190.250.15
WAFVIP-10.190.250.24,WAFVIP-10.190.250.24,VS-UAT,CMDB-IP-WAFVIP,1,OPERATING,10.190.250.24
WAFVIP-10.190.250.20,WAFVIP-10.190.250.20,VS_CSWEBTST,CMDB-IP-WAFVIP,1,OPERATING,10.190.250.20
WAFVIP-10.190.250.22,WAFVIP-10.190.250.22,VS_Customer360_Test,CMDB-IP-WAFVIP,1,OPERATING,10.190.250.22
WAFVIP-10.190.250.41,WAFVIP-10.190.250.41,VS_ERP,CMDB-IP-WAFVIP,1,OPERATING,10.190.250.41
WAFVIP-10.190.250.17,WAFVIP-10.190.250.17,VS_ROCFM,CMDB-IP-WAFVIP,1,OPERATING,10.190.250.17
WAFVIP-10.190.250.34,WAFVIP-10.190.250.34,VS_RPA,CMDB-IP-WAFVIP,1,OPERATING,10.190.250.34
WAFVIP-10.190.250.36,WAFVIP-10.190.250.36,VS_WIKI_Agent,CMDB-IP-WAFVIP,1,OPERATING,10.190.250.36
WAFVIP-10.190.250.80,WAFVIP-10.190.250.80,Vendor-Portal-MNG-VIP,CMDB-IP-WAFVIP,1,OPERATING,10.190.250.80
WAFVIP-10.190.250.199,WAFVIP-10.190.250.199,WEPG-Admin-Portal-test-VIP,CMDB-IP-WAFVIP,1,OPERATING,10.190.250.199
WAFVIP-10.190.250.54,WAFVIP-10.190.250.54,WE_M3ak_internal,CMDB-IP-WAFVIP,1,OPERATING,10.190.250.54
WAFVIP-10.190.250.106,WAFVIP-10.190.250.106,WFM-for-Users,CMDB-IP-WAFVIP,1,OPERATING,10.190.250.106
WAFVIP-10.190.250.58,WAFVIP-10.190.250.58,WFP-Newsystem_10.190.250.58,CMDB-IP-WAFVIP,1,OPERATING,10.190.250.58
WAFVIP-10.190.250.79,WAFVIP-10.190.250.79,WIKI-SharePoint-5443,CMDB-IP-WAFVIP,1,OPERATING,10.190.250.79
WAFVIP-10.190.250.79,WAFVIP-10.190.250.79,WIKI-SharePoint-5443_Pre-Prod,CMDB-IP-WAFVIP,1,OPERATING,10.190.250.79
WAFVIP-10.190.250.223,WAFVIP-10.190.250.223,WIKI-SharePoint-Adminticketing-VIP,CMDB-IP-WAFVIP,1,OPERATING,10.190.250.223
WAFVIP-10.190.250.223,WAFVIP-10.190.250.223,WIKI-SharePoint-Adminticketing-VIP-5443,CMDB-IP-WAFVIP,1,OPERATING,10.190.250.223
WAFVIP-10.190.250.225,WAFVIP-10.190.250.225,WIKI-SharePoint-WKSP-Personal-VIP,CMDB-IP-WAFVIP,1,OPERATING,10.190.250.225
WAFVIP-10.190.250.225,WAFVIP-10.190.250.225,WIKI-SharePoint-WKSP-Personal-VIP-5443,CMDB-IP-WAFVIP,1,OPERATING,10.190.250.225
WAFVIP-10.190.250.224,WAFVIP-10.190.250.224,WIKI-SharePoint-WKSP-Portal-VIP,CMDB-IP-WAFVIP,1,OPERATING,10.190.250.224
WAFVIP-10.190.250.224,WAFVIP-10.190.250.224,WIKI-SharePoint-WKSP-Portal-VIP-5443,CMDB-IP-WAFVIP,1,OPERATING,10.190.250.224
WAFVIP-10.190.250.4,WAFVIP-10.190.250.4,We_Visitor_VIP,CMDB-IP-WAFVIP,1,OPERATING,10.190.250.4
WAFVIP-10.190.250.91,WAFVIP-10.190.250.91,Wireless-survey,CMDB-IP-WAFVIP,1,OPERATING,10.190.250.91
WAFVIP-10.190.250.77,WAFVIP-10.190.250.77,Xceed_ERP_system_VS,CMDB-IP-WAFVIP,1,OPERATING,10.190.250.77
WAFVIP-10.190.250.134,WAFVIP-10.190.250.134,Zabbix-VIP,CMDB-IP-WAFVIP,1,OPERATING,10.190.250.134
WAFVIP-10.190.250.191,WAFVIP-10.190.250.191,one-stop-shop-Prod-443,CMDB-IP-WAFVIP,1,OPERATING,10.190.250.191
WAFVIP-10.190.250.191,WAFVIP-10.190.250.191,one-stop-shop-Prod-8443,CMDB-IP-WAFVIP,1,OPERATING,10.190.250.191
WAFVIP-10.190.250.191,WAFVIP-10.190.250.191,one-stop-shop-Prod-9443,CMDB-IP-WAFVIP,1,OPERATING,10.190.250.191
WAFVIP-10.190.250.33,WAFVIP-10.190.250.33,provisioning-portal,CMDB-IP-WAFVIP,1,OPERATING,10.190.250.33
WAFVIP-10.190.250.215,WAFVIP-10.190.250.215,provisioning-portal-Clone,CMDB-IP-WAFVIP,1,OPERATING,10.190.250.215
WAFVIP-10.190.250.93,WAFVIP-10.190.250.93,survey.te.eg-Test_Backend-Admin,CMDB-IP-WAFVIP,1,OPERATING,10.190.250.93
WAFVIP-10.190.250.92,WAFVIP-10.190.250.92,survey.te.eg-Test_Frontend,CMDB-IP-WAFVIP,1,OPERATING,10.190.250.92
WAFVIP-10.190.250.228,WAFVIP-10.190.250.228,trend-test-10.109,CMDB-IP-WAFVIP,1,OPERATING,10.190.250.228
WAFVIP-10.190.250.27,WAFVIP-10.190.250.27,we-capcha,CMDB-IP-WAFVIP,1,OPERATING,10.190.250.27
WAFVIP-10.94.0.57,WAFVIP-10.94.0.57,Airport_wifi-admin,CMDB-IP-WAFVIP,1,OPERATING,10.94.0.57
WAFVIP-10.94.0.65,WAFVIP-10.94.0.65,AutoLogin,CMDB-IP-WAFVIP,1,OPERATING,10.94.0.65
WAFVIP-10.94.1.65,WAFVIP-10.94.1.65,AutoLogin_Test,CMDB-IP-WAFVIP,1,OPERATING,10.94.1.65
WAFVIP-10.94.0.86,WAFVIP-10.94.0.86,Avaya_Chat,CMDB-IP-WAFVIP,1,OPERATING,10.94.0.86
WAFVIP-10.94.0.88,WAFVIP-10.94.0.88,Avaya_Video_Chat,CMDB-IP-WAFVIP,1,OPERATING,10.94.0.88
WAFVIP-10.94.1.23,WAFVIP-10.94.1.23,Blocking_Rescheduling_portal_VIP,CMDB-IP-WAFVIP,1,OPERATING,10.94.1.23
WAFVIP-10.94.0.104,WAFVIP-10.94.0.104,Bookin_External,CMDB-IP-WAFVIP,1,OPERATING,10.94.0.104
WAFVIP-10.94.0.103,WAFVIP-10.94.0.103,Bookin_int,CMDB-IP-WAFVIP,1,OPERATING,10.94.0.103
WAFVIP-10.94.0.82,WAFVIP-10.94.0.82,Budget,CMDB-IP-WAFVIP,1,OPERATING,10.94.0.82
WAFVIP-10.94.0.36,WAFVIP-10.94.0.36,CEO-Doc-TEData-VIP,CMDB-IP-WAFVIP,1,OPERATING,10.94.0.36
WAFVIP-10.94.0.30,WAFVIP-10.94.0.30,CEO-Doc-VIP,CMDB-IP-WAFVIP,1,OPERATING,10.94.0.30
WAFVIP-10.94.0.123,WAFVIP-10.94.0.123,CRM_FE_VIP,CMDB-IP-WAFVIP,1,OPERATING,10.94.0.123
WAFVIP-10.94.0.58,WAFVIP-10.94.0.58,Campaign_Redirect,CMDB-IP-WAFVIP,1,OPERATING,10.94.0.58
WAFVIP-10.94.1.58,WAFVIP-10.94.1.58,Campaign_Redirect_Blocked,CMDB-IP-WAFVIP,1,OPERATING,10.94.1.58
WAFVIP-10.94.0.99,WAFVIP-10.94.0.99,Chat-Bot-Test,CMDB-IP-WAFVIP,1,OPERATING,10.94.0.99
WAFVIP-10.94.0.99,WAFVIP-10.94.0.99,Chat-Bot-Test-Whats-app,CMDB-IP-WAFVIP,1,OPERATING,10.94.0.99
WAFVIP-10.94.0.98,WAFVIP-10.94.0.98,Chatbot-Pro,CMDB-IP-WAFVIP,1,OPERATING,10.94.0.98
WAFVIP-10.94.0.206,WAFVIP-10.94.0.206,EPM_sharepoint_VIP,CMDB-IP-WAFVIP,1,OPERATING,10.94.0.206
WAFVIP-10.94.0.185,WAFVIP-10.94.0.185,E_Invoice_VIP,CMDB-IP-WAFVIP,1,OPERATING,10.94.0.185
WAFVIP-10.94.0.49,WAFVIP-10.94.0.49,Employee-Medical-App,CMDB-IP-WAFVIP,1,OPERATING,10.94.0.49
WAFVIP-10.94.0.120,WAFVIP-10.94.0.120,Epayment-Mezza-api-test,CMDB-IP-WAFVIP,1,OPERATING,10.94.0.120
WAFVIP-10.94.0.115,WAFVIP-10.94.0.115,ExternalAnalyticsDashboard,CMDB-IP-WAFVIP,1,OPERATING,10.94.0.115
WAFVIP-10.94.0.41,WAFVIP-10.94.0.41,Extrawe,CMDB-IP-WAFVIP,1,OPERATING,10.94.0.41
WAFVIP-10.94.0.77,WAFVIP-10.94.0.77,FTTH,CMDB-IP-WAFVIP,1,OPERATING,10.94.0.77
WAFVIP-10.94.0.76,WAFVIP-10.94.0.76,FTTH_Internal,CMDB-IP-WAFVIP,1,OPERATING,10.94.0.76
WAFVIP-10.94.0.69,WAFVIP-10.94.0.69,FVNO-Voda-VIP,CMDB-IP-WAFVIP,1,OPERATING,10.94.0.69
WAFVIP-10.94.0.34,WAFVIP-10.94.0.34,FVNO_VIP,CMDB-IP-WAFVIP,1,OPERATING,10.94.0.34
WAFVIP-10.94.0.32,WAFVIP-10.94.0.32,FixedFranchisers_VIP,CMDB-IP-WAFVIP,1,OPERATING,10.94.0.32
WAFVIP-10.94.0.205,WAFVIP-10.94.0.205,GIS_External_Adaptor_VIP,CMDB-IP-WAFVIP,1,OPERATING,10.94.0.205
WAFVIP-10.94.0.204,WAFVIP-10.94.0.204,GIS_Internal_Adaptor_VIP,CMDB-IP-WAFVIP,1,OPERATING,10.94.0.204
WAFVIP-10.94.0.60,WAFVIP-10.94.0.60,GoGreen,CMDB-IP-WAFVIP,1,OPERATING,10.94.0.60
WAFVIP-10.94.1.60,WAFVIP-10.94.1.60,GoGreen-Blocking,CMDB-IP-WAFVIP,1,OPERATING,10.94.1.60
WAFVIP-10.94.0.26,WAFVIP-10.94.0.26,HPSM-ExtPortal_VIP,CMDB-IP-WAFVIP,1,OPERATING,10.94.0.26
WAFVIP-10.94.1.26,WAFVIP-10.94.1.26,HPSM-ExtPortal_VIP-to-test,CMDB-IP-WAFVIP,1,OPERATING,10.94.1.26
WAFVIP-10.94.0.25,WAFVIP-10.94.0.25,HPSM-Int-VIP,CMDB-IP-WAFVIP,1,OPERATING,10.94.0.25
WAFVIP-10.94.0.71,WAFVIP-10.94.0.71,HPSM-Int-VIP-Test,CMDB-IP-WAFVIP,1,OPERATING,10.94.0.71
WAFVIP-10.94.0.68,WAFVIP-10.94.0.68,HR-MobExt-VIP,CMDB-IP-WAFVIP,1,OPERATING,10.94.0.68
WAFVIP-10.94.0.20,WAFVIP-10.94.0.20,InfoFort_VIP,CMDB-IP-WAFVIP,1,OPERATING,10.94.0.20
WAFVIP-10.94.0.20,WAFVIP-10.94.0.20,InfoFort_VIP-test,CMDB-IP-WAFVIP,1,OPERATING,10.94.0.20
WAFVIP-10.94.0.113,WAFVIP-10.94.0.113,InternationalAgreementDictionary,CMDB-IP-WAFVIP,1,OPERATING,10.94.0.113
WAFVIP-10.94.0.202,WAFVIP-10.94.0.202,Intrawe_VIP,CMDB-IP-WAFVIP,1,OPERATING,10.94.0.202
WAFVIP-10.94.0.87,WAFVIP-10.94.0.87,KAM_Portal_VIP,CMDB-IP-WAFVIP,1,OPERATING,10.94.0.87
WAFVIP-10.94.0.75,WAFVIP-10.94.0.75,LoyalityAPI-8083,CMDB-IP-WAFVIP,1,OPERATING,10.94.0.75
WAFVIP-10.94.0.93,WAFVIP-10.94.0.93,Loyality_Customer_FE_bublic_VIP,CMDB-IP-WAFVIP,1,OPERATING,10.94.0.93
WAFVIP-10.94.0.74,WAFVIP-10.94.0.74,Loyalty-API,CMDB-IP-WAFVIP,1,OPERATING,10.94.0.74
WAFVIP-10.94.0.97,WAFVIP-10.94.0.97,Loyalty-Customer-FE,CMDB-IP-WAFVIP,1,OPERATING,10.94.0.97
WAFVIP-10.94.0.97,WAFVIP-10.94.0.97,Loyalty-Customer-FE-API-8080,CMDB-IP-WAFVIP,1,OPERATING,10.94.0.97
WAFVIP-10.94.0.79,WAFVIP-10.94.0.79,Loyalty-Merchant-Fileshare,CMDB-IP-WAFVIP,1,OPERATING,10.94.0.79
WAFVIP-10.94.0.73,WAFVIP-10.94.0.73,Loyalty-Merchant-MobileApp,CMDB-IP-WAFVIP,1,OPERATING,10.94.0.73
WAFVIP-10.94.0.72,WAFVIP-10.94.0.72,Loyalty-Merchant-Web,CMDB-IP-WAFVIP,1,OPERATING,10.94.0.72
WAFVIP-10.94.0.96,WAFVIP-10.94.0.96,Loyalty-Pointing-Mobile,CMDB-IP-WAFVIP,1,OPERATING,10.94.0.96
WAFVIP-10.94.0.95,WAFVIP-10.94.0.95,Loyalty-Pointing-Web,CMDB-IP-WAFVIP,1,OPERATING,10.94.0.95
WAFVIP-10.94.0.9,WAFVIP-10.94.0.9,M3ak-video-chat,CMDB-IP-WAFVIP,1,OPERATING,10.94.0.9
WAFVIP-10.94.1.9,WAFVIP-10.94.1.9,M3ak-video-chat-Blocking,CMDB-IP-WAFVIP,1,OPERATING,10.94.1.9
WAFVIP-10.94.0.5,WAFVIP-10.94.0.5,MNP443,CMDB-IP-WAFVIP,1,OPERATING,10.94.0.5
WAFVIP-10.94.0.45,WAFVIP-10.94.0.45,MicroStrategy,CMDB-IP-WAFVIP,1,OPERATING,10.94.0.45
WAFVIP-10.94.0.28,WAFVIP-10.94.0.28,Mobile-wallet-Test,CMDB-IP-WAFVIP,1,OPERATING,10.94.0.28
WAFVIP-10.94.0.114,WAFVIP-10.94.0.114,MobileAnalyticsDashboard,CMDB-IP-WAFVIP,1,OPERATING,10.94.0.114
WAFVIP-10.94.0.39,WAFVIP-10.94.0.39,New-LCR-VIP,CMDB-IP-WAFVIP,1,OPERATING,10.94.0.39
WAFVIP-10.94.0.200,WAFVIP-10.94.0.200,One_stop_Shop_TEST_VIP,CMDB-IP-WAFVIP,1,OPERATING,10.94.0.200
WAFVIP-10.94.0.201,WAFVIP-10.94.0.201,One_stop_Shop_VIP_80,CMDB-IP-WAFVIP,1,OPERATING,10.94.0.201
WAFVIP-10.94.0.201,WAFVIP-10.94.0.201,One_stop_Shop_VIP_90,CMDB-IP-WAFVIP,1,OPERATING,10.94.0.201
WAFVIP-10.94.0.201,WAFVIP-10.94.0.201,One_stop_Shop_VIP_100,CMDB-IP-WAFVIP,1,OPERATING,10.94.0.201
WAFVIP-10.94.0.23,WAFVIP-10.94.0.23,Rescheduling_portal_VIP,CMDB-IP-WAFVIP,1,OPERATING,10.94.0.23
WAFVIP-10.94.0.91,WAFVIP-10.94.0.91,Secure-Novomind-VIP,CMDB-IP-WAFVIP,1,OPERATING,10.94.0.91
WAFVIP-10.94.1.80,WAFVIP-10.94.1.80,Sharepoint2019-HTTPS_test_certificate,CMDB-IP-WAFVIP,1,OPERATING,10.94.1.80
WAFVIP-10.94.0.37,WAFVIP-10.94.0.37,Shipment-DMS,CMDB-IP-WAFVIP,1,OPERATING,10.94.0.37
WAFVIP-10.94.0.33,WAFVIP-10.94.0.33,Shipment-RMS,CMDB-IP-WAFVIP,1,OPERATING,10.94.0.33
WAFVIP-10.94.0.59,WAFVIP-10.94.0.59,TEdata-MDM-WFM,CMDB-IP-WAFVIP,1,OPERATING,10.94.0.59
WAFVIP-10.94.0.81,WAFVIP-10.94.0.81,Te-holding,CMDB-IP-WAFVIP,1,OPERATING,10.94.0.81
WAFVIP-10.94.0.108,WAFVIP-10.94.0.108,Tedata-MDM-to-WAF,CMDB-IP-WAFVIP,1,OPERATING,10.94.0.108
WAFVIP-10.94.1.43,WAFVIP-10.94.1.43,TestBlocking_VS_WIKI_Agent,CMDB-IP-WAFVIP,1,OPERATING,10.94.1.43
WAFVIP-10.94.0.8,WAFVIP-10.94.0.8,Troubleticketcrm,CMDB-IP-WAFVIP,1,OPERATING,10.94.0.8
WAFVIP-10.94.0.40,WAFVIP-10.94.0.40,UNMS-GEO-Location,CMDB-IP-WAFVIP,1,OPERATING,10.94.0.40
WAFVIP-10.94.0.64,WAFVIP-10.94.0.64,UNMS-VIP,CMDB-IP-WAFVIP,1,OPERATING,10.94.0.64
WAFVIP-10.94.0.64,WAFVIP-10.94.0.64,UNMS-VIP_HTTPS,CMDB-IP-WAFVIP,1,OPERATING,10.94.0.64
WAFVIP-10.94.0.3,WAFVIP-10.94.0.3,VS-CSWEBEXTPRD,CMDB-IP-WAFVIP,1,OPERATING,10.94.0.3
WAFVIP-10.94.0.17,WAFVIP-10.94.0.17,VS_CSWEBEXTTST,CMDB-IP-WAFVIP,1,OPERATING,10.94.0.17
WAFVIP-10.94.0.31,WAFVIP-10.94.0.31,VS_Dynatrace,CMDB-IP-WAFVIP,1,OPERATING,10.94.0.31
WAFVIP-10.94.0.43,WAFVIP-10.94.0.43,VS_WIKI_Agent,CMDB-IP-WAFVIP,1,OPERATING,10.94.0.43
WAFVIP-10.94.0.42,WAFVIP-10.94.0.42,WEPG-VS,CMDB-IP-WAFVIP,1,OPERATING,10.94.0.42
WAFVIP-10.94.1.42,WAFVIP-10.94.1.42,WEPG-VS-Blocking,CMDB-IP-WAFVIP,1,OPERATING,10.94.1.42
WAFVIP-10.94.0.54,WAFVIP-10.94.0.54,WE_M3ak,CMDB-IP-WAFVIP,1,OPERATING,10.94.0.54
WAFVIP-10.94.0.35,WAFVIP-10.94.0.35,WWP-VS,CMDB-IP-WAFVIP,1,OPERATING,10.94.0.35
WAFVIP-10.94.0.52,WAFVIP-10.94.0.52,We_Captcha_project_vs,CMDB-IP-WAFVIP,1,OPERATING,10.94.0.52
WAFVIP-10.94.0.83,WAFVIP-10.94.0.83,We_channel,CMDB-IP-WAFVIP,1,OPERATING,10.94.0.83
WAFVIP-10.94.0.24,WAFVIP-10.94.0.24,Work_flow,CMDB-IP-WAFVIP,1,OPERATING,10.94.0.24
WAFVIP-10.94.0.109,WAFVIP-10.94.0.109,admin-my.te.eg,CMDB-IP-WAFVIP,1,OPERATING,10.94.0.109
WAFVIP-10.94.2.7,WAFVIP-10.94.2.7,adsl_production_test_certificate,CMDB-IP-WAFVIP,1,OPERATING,10.94.2.7
WAFVIP-10.94.0.7,WAFVIP-10.94.0.7,adslproductionloadbalance,CMDB-IP-WAFVIP,1,OPERATING,10.94.0.7
WAFVIP-10.94.0.56,WAFVIP-10.94.0.56,airport_wifi-PROD,CMDB-IP-WAFVIP,1,OPERATING,10.94.0.56
WAFVIP-10.94.0.92,WAFVIP-10.94.0.92,digitaladmin-test-vip,CMDB-IP-WAFVIP,1,OPERATING,10.94.0.92
WAFVIP-10.94.0.47,WAFVIP-10.94.0.47,e-Shop_Ecare,CMDB-IP-WAFVIP,1,OPERATING,10.94.0.47
WAFVIP-10.94.0.2,WAFVIP-10.94.0.2,epayment-production,CMDB-IP-WAFVIP,1,OPERATING,10.94.0.2
WAFVIP-10.94.0.2,WAFVIP-10.94.0.2,epayment-redirect,CMDB-IP-WAFVIP,1,OPERATING,10.94.0.2
WAFVIP-10.94.1.2,WAFVIP-10.94.1.2,epayment_porducrion_test,CMDB-IP-WAFVIP,1,OPERATING,10.94.1.2
WAFVIP-10.94.0.116,WAFVIP-10.94.0.116,exchange-Test_XFF,CMDB-IP-WAFVIP,1,OPERATING,10.94.0.116
WAFVIP-10.94.0.122,WAFVIP-10.94.0.122,extraweservice_VIP,CMDB-IP-WAFVIP,1,OPERATING,10.94.0.122
WAFVIP-10.94.0.128,WAFVIP-10.94.0.128,finrep-https,CMDB-IP-WAFVIP,1,OPERATING,10.94.0.128
WAFVIP-10.94.0.91,WAFVIP-10.94.0.91,iagent-test-vip,CMDB-IP-WAFVIP,1,OPERATING,10.94.0.91
WAFVIP-10.94.0.112,WAFVIP-10.94.0.112,info-evaluation,CMDB-IP-WAFVIP,1,OPERATING,10.94.0.112
WAFVIP-10.94.0.111,WAFVIP-10.94.0.111,info-evaluation-EX,CMDB-IP-WAFVIP,1,OPERATING,10.94.0.111
WAFVIP-10.94.0.72,WAFVIP-10.94.0.72,loyalty-test_We_bonus,CMDB-IP-WAFVIP,1,OPERATING,10.94.0.72
WAFVIP-10.94.0.106,WAFVIP-10.94.0.106,my.te.eg-mobile,CMDB-IP-WAFVIP,1,OPERATING,10.94.0.106
WAFVIP-10.94.0.105,WAFVIP-10.94.0.105,my.te.eg-web,CMDB-IP-WAFVIP,1,OPERATING,10.94.0.105
WAFVIP-10.94.0.6,WAFVIP-10.94.0.6,sharepoint-mobile,CMDB-IP-WAFVIP,1,OPERATING,10.94.0.6
WAFVIP-10.94.0.107,WAFVIP-10.94.0.107,spoc-my.te.eg,CMDB-IP-WAFVIP,1,OPERATING,10.94.0.107
WAFVIP-10.31.39.35,WAFVIP-10.31.39.35,AppDynamics-EUM-VIP,CMDB-IP-WAFVIP,1,OPERATING,10.31.39.35
WAFVIP-10.31.39.7,WAFVIP-10.31.39.7,CMS-B7-Vip,CMDB-IP-WAFVIP,1,OPERATING,10.31.39.7
WAFVIP-10.31.39.21,WAFVIP-10.31.39.21,CMS-DR-BE-VIP,CMDB-IP-WAFVIP,1,OPERATING,10.31.39.21
WAFVIP-10.31.39.8,WAFVIP-10.31.39.8,CMS-DR-Vip,CMDB-IP-WAFVIP,1,OPERATING,10.31.39.8
WAFVIP-10.31.39.36,WAFVIP-10.31.39.36,CX-Survey-Prod,CMDB-IP-WAFVIP,1,OPERATING,10.31.39.36
WAFVIP-10.31.39.40,WAFVIP-10.31.39.40,Digital-Mediation-Prod-2,CMDB-IP-WAFVIP,1,OPERATING,10.31.39.40
WAFVIP-10.31.39.28,WAFVIP-10.31.39.28,E-invoice-Notification-Unit,CMDB-IP-WAFVIP,1,OPERATING,10.31.39.28
WAFVIP-10.31.39.14,WAFVIP-10.31.39.14,EnterpriseDMCRouter,CMDB-IP-WAFVIP,1,OPERATING,10.31.39.14
WAFVIP-10.31.39.12,WAFVIP-10.31.39.12,EnterpriseLoyalty360.Backend,CMDB-IP-WAFVIP,1,OPERATING,10.31.39.12
WAFVIP-10.31.39.13,WAFVIP-10.31.39.13,EnterpriseLoyalty360.Proxy,CMDB-IP-WAFVIP,1,OPERATING,10.31.39.13
WAFVIP-10.31.39.68,WAFVIP-10.31.39.68,HR-MobExt-VIP,CMDB-IP-WAFVIP,1,OPERATING,10.31.39.68
WAFVIP-10.31.39.16,WAFVIP-10.31.39.16,IR-Lite-Version,CMDB-IP-WAFVIP,1,OPERATING,10.31.39.16
WAFVIP-10.31.39.42,WAFVIP-10.31.39.42,IR-Lite-Version-Test,CMDB-IP-WAFVIP,1,OPERATING,10.31.39.42
WAFVIP-10.31.39.29,WAFVIP-10.31.39.29,M3ak-video-chat-Blocking,CMDB-IP-WAFVIP,1,OPERATING,10.31.39.29
WAFVIP-10.31.39.23,WAFVIP-10.31.39.23,Rescheduling_portal_VIP,CMDB-IP-WAFVIP,1,OPERATING,10.31.39.23
WAFVIP-10.31.39.19,WAFVIP-10.31.39.19,Social_Media_Prod_Frontend,CMDB-IP-WAFVIP,1,OPERATING,10.31.39.19
WAFVIP-10.31.39.15,WAFVIP-10.31.39.15,Te.eg-LiteVersion,CMDB-IP-WAFVIP,1,OPERATING,10.31.39.15
WAFVIP-10.31.39.41,WAFVIP-10.31.39.41,Te.eg-LiteVersion-Test,CMDB-IP-WAFVIP,1,OPERATING,10.31.39.41
WAFVIP-10.31.39.31,WAFVIP-10.31.39.31,VS-CSWEBEXTPRD,CMDB-IP-WAFVIP,1,OPERATING,10.31.39.31
WAFVIP-10.31.39.27,WAFVIP-10.31.39.27,VS_CSWEBEXTTST,CMDB-IP-WAFVIP,1,OPERATING,10.31.39.27
WAFVIP-10.31.39.30,WAFVIP-10.31.39.30,VS_Dynatrace,CMDB-IP-WAFVIP,1,OPERATING,10.31.39.30
WAFVIP-10.31.39.6,WAFVIP-10.31.39.6,Vendor-Portal-MNG-EXT-VIP,CMDB-IP-WAFVIP,1,OPERATING,10.31.39.6
WAFVIP-10.31.39.5,WAFVIP-10.31.39.5,Vezeeta-OTT-10.31.39.5,CMDB-IP-WAFVIP,1,OPERATING,10.31.39.5
WAFVIP-10.31.39.52,WAFVIP-10.31.39.52,We_Captcha_project_vs,CMDB-IP-WAFVIP,1,OPERATING,10.31.39.52
WAFVIP-10.31.39.34,WAFVIP-10.31.39.34,Wifi-Airport,CMDB-IP-WAFVIP,1,OPERATING,10.31.39.34
WAFVIP-10.31.39.17,WAFVIP-10.31.39.17,Wireless-survey-Ebusiness,CMDB-IP-WAFVIP,1,OPERATING,10.31.39.17
WAFVIP-10.31.39.18,WAFVIP-10.31.39.18,Xceed-Public-Website,CMDB-IP-WAFVIP,1,OPERATING,10.31.39.18
F5VIP-10.19.252.202: 443,F5VIP-10.19.252.202: 443,ADFS-443,CMDB-IP-F5VIP,1,OPERATING,10.19.252.202
F5VIP-10.19.252.202: 80,F5VIP-10.19.252.202: 80,ADFS-Proxy,CMDB-IP-F5VIP,1,OPERATING,10.19.252.202
F5VIP-10.19.249.17: 7891,F5VIP-10.19.249.17: 7891,ADSL_New-Portal-VIP,CMDB-IP-F5VIP,1,OPERATING,10.19.249.17
F5VIP-10.19.249.17: 443,F5VIP-10.19.249.17: 443,ADSL_New-Portal-VIP_443,CMDB-IP-F5VIP,1,OPERATING,10.19.249.17
F5VIP-10.19.249.17: 443,F5VIP-10.19.249.17: 443,ADSL_New-Portal-VIP_443,CMDB-IP-F5VIP,1,OPERATING,10.19.249.17
F5VIP-10.19.249.17: 443,F5VIP-10.19.249.17: 443,ADSL_New-Portal-VIP_443,CMDB-IP-F5VIP,1,OPERATING,10.19.249.17
F5VIP-10.19.249.12: 443,F5VIP-10.19.249.12: 443,ADSL-PORTAL-VIP,CMDB-IP-F5VIP,1,OPERATING,10.19.249.12
F5VIP-10.19.249.12: 7891,F5VIP-10.19.249.12: 7891,ADSL-PORTAL-VIP_7891,CMDB-IP-F5VIP,1,OPERATING,10.19.249.12
F5VIP-10.19.32.38: 443,F5VIP-10.19.32.38: 443,Agent_Task2_VIP_443,CMDB-IP-F5VIP,1,OPERATING,10.19.32.38
F5VIP-10.19.32.38: 80,F5VIP-10.19.32.38: 80,Agent_Task2_VIP_80,CMDB-IP-F5VIP,1,OPERATING,10.19.32.38
F5VIP-10.19.33.215: 443,F5VIP-10.19.33.215: 443,Agent_WIKI_VIP_443,CMDB-IP-F5VIP,1,OPERATING,10.19.33.215
F5VIP-10.19.255.60: 80,F5VIP-10.19.255.60: 80,AirP-WIFI-PRO-80,CMDB-IP-F5VIP,1,OPERATING,10.19.255.60
F5VIP-10.19.255.60: 8080,F5VIP-10.19.255.60: 8080,AirP-WIFI-PRO-8080,CMDB-IP-F5VIP,1,OPERATING,10.19.255.60
F5VIP-10.19.255.60: 443,F5VIP-10.19.255.60: 443,AirP-WIFI-PRO-VIP_433,CMDB-IP-F5VIP,1,OPERATING,10.19.255.60
F5VIP-10.19.63.144: 443,F5VIP-10.19.63.144: 443,AppDynamics-prod-Controller-prod_VIP_443,CMDB-IP-F5VIP,1,OPERATING,10.19.63.144
F5VIP-10.19.63.144: 8443,F5VIP-10.19.63.144: 8443,AppDynamics-prod-Controller-prod_VIP_8443,CMDB-IP-F5VIP,1,OPERATING,10.19.63.144
F5VIP-10.19.63.143: 443,F5VIP-10.19.63.143: 443,AppDynamics-prod-Event-prod_VIP_443,CMDB-IP-F5VIP,1,OPERATING,10.19.63.143
F5VIP-10.19.255.185: 80,F5VIP-10.19.255.185: 80,auto_login_Mobile_VIP,CMDB-IP-F5VIP,1,OPERATING,10.19.255.185
F5VIP-10.190.1.100: 443,F5VIP-10.190.1.100: 443,AWFO_Recording_VIP_443,CMDB-IP-F5VIP,1,OPERATING,10.190.1.100
F5VIP-10.19.38.71: 8080,F5VIP-10.19.38.71: 8080,Booking_Portal_BE_VIP_8080,CMDB-IP-F5VIP,1,OPERATING,10.19.38.71
F5VIP-10.19.37.217: 8080,F5VIP-10.19.37.217: 8080,Booking_Sim_FE_VIP_8080,CMDB-IP-F5VIP,1,OPERATING,10.19.37.217
F5VIP-10.19.255.217: 8080,F5VIP-10.19.255.217: 8080,BookingPortal_FE_VIP_8080,CMDB-IP-F5VIP,1,OPERATING,10.19.255.217
F5VIP-10.19.57.196: 443,F5VIP-10.19.57.196: 443,BossHelper_EBU_API_443,CMDB-IP-F5VIP,1,OPERATING,10.19.57.196
F5VIP-10.19.57.196: 8443,F5VIP-10.19.57.196: 8443,BossHelper_EBU_API_8443,CMDB-IP-F5VIP,1,OPERATING,10.19.57.196
F5VIP-10.19.17.228: 443,F5VIP-10.19.17.228: 443,Boxes-cabinets-API-Prod_VIP_443,CMDB-IP-F5VIP,1,OPERATING,10.19.17.228
F5VIP-10.19.17.228: 8443,F5VIP-10.19.17.228: 8443,Boxes-cabinets-API-Prod_VIP_8443,CMDB-IP-F5VIP,1,OPERATING,10.19.17.228
F5VIP-10.19.17.196: 443,F5VIP-10.19.17.196: 443,Boxes-cabinets-FE-Prod_VIP_443,CMDB-IP-F5VIP,1,OPERATING,10.19.17.196
F5VIP-10.20.129.60: 17800,F5VIP-10.20.129.60: 17800,Broker_Pro-VIP-17800,CMDB-IP-F5VIP,1,OPERATING,10.20.129.60
F5VIP-10.20.129.60: 17801,F5VIP-10.20.129.60: 17801,Broker_Pro-VIP-17801,CMDB-IP-F5VIP,1,OPERATING,10.20.129.60
F5VIP-10.20.129.60: 17802,F5VIP-10.20.129.60: 17802,Broker_Pro-VIP-17802,CMDB-IP-F5VIP,1,OPERATING,10.20.129.60
F5VIP-10.20.129.60: 17803,F5VIP-10.20.129.60: 17803,Broker_Pro-VIP-17803,CMDB-IP-F5VIP,1,OPERATING,10.20.129.60
F5VIP-10.20.129.60: 17804,F5VIP-10.20.129.60: 17804,Broker_Pro-VIP-17804,CMDB-IP-F5VIP,1,OPERATING,10.20.129.60
F5VIP-10.20.129.60: 17805,F5VIP-10.20.129.60: 17805,Broker_Pro-VIP-17805,CMDB-IP-F5VIP,1,OPERATING,10.20.129.60
F5VIP-10.20.129.60: 17806,F5VIP-10.20.129.60: 17806,Broker_Pro-VIP-17806,CMDB-IP-F5VIP,1,OPERATING,10.20.129.60
F5VIP-10.20.129.60: 17807,F5VIP-10.20.129.60: 17807,Broker_Pro-VIP-17807,CMDB-IP-F5VIP,1,OPERATING,10.20.129.60
F5VIP-10.20.129.60: 17808,F5VIP-10.20.129.60: 17808,Broker_Pro-VIP-17808,CMDB-IP-F5VIP,1,OPERATING,10.20.129.60
F5VIP-10.20.129.60: 17809,F5VIP-10.20.129.60: 17809,Broker_Pro-VIP-17809,CMDB-IP-F5VIP,1,OPERATING,10.20.129.60
F5VIP-10.20.129.60: 17810,F5VIP-10.20.129.60: 17810,Broker_Pro-VIP-17810,CMDB-IP-F5VIP,1,OPERATING,10.20.129.60
F5VIP-10.20.129.60: 17811,F5VIP-10.20.129.60: 17811,Broker_Pro-VIP-17811,CMDB-IP-F5VIP,1,OPERATING,10.20.129.60
F5VIP-10.20.129.60: 17812,F5VIP-10.20.129.60: 17812,Broker_Pro-VIP-17812,CMDB-IP-F5VIP,1,OPERATING,10.20.129.60
F5VIP-10.20.129.60: 17814,F5VIP-10.20.129.60: 17814,Broker_Pro-VIP-17814,CMDB-IP-F5VIP,1,OPERATING,10.20.129.60
F5VIP-10.20.129.60: 17815,F5VIP-10.20.129.60: 17815,Broker_Pro-VIP-17815,CMDB-IP-F5VIP,1,OPERATING,10.20.129.60
F5VIP-10.20.129.60: 17816,F5VIP-10.20.129.60: 17816,Broker_Pro-VIP-17816,CMDB-IP-F5VIP,1,OPERATING,10.20.129.60
F5VIP-10.20.129.60: 17817,F5VIP-10.20.129.60: 17817,Broker_Pro-VIP-17817,CMDB-IP-F5VIP,1,OPERATING,10.20.129.60
F5VIP-10.20.129.60: 17818,F5VIP-10.20.129.60: 17818,Broker_Pro-VIP-17818,CMDB-IP-F5VIP,1,OPERATING,10.20.129.60
F5VIP-10.20.129.60: 17819,F5VIP-10.20.129.60: 17819,Broker_Pro-VIP-17819,CMDB-IP-F5VIP,1,OPERATING,10.20.129.60
F5VIP-10.20.129.60: 17820,F5VIP-10.20.129.60: 17820,Broker_Pro-VIP-17820,CMDB-IP-F5VIP,1,OPERATING,10.20.129.60
F5VIP-10.20.129.60: 17821,F5VIP-10.20.129.60: 17821,Broker_Pro-VIP-17821,CMDB-IP-F5VIP,1,OPERATING,10.20.129.60
F5VIP-10.20.129.60: 17822,F5VIP-10.20.129.60: 17822,Broker_Pro-VIP-17822,CMDB-IP-F5VIP,1,OPERATING,10.20.129.60
F5VIP-10.20.129.60: 17823,F5VIP-10.20.129.60: 17823,Broker_Pro-VIP-17823,CMDB-IP-F5VIP,1,OPERATING,10.20.129.60
F5VIP-10.20.129.60: 17824,F5VIP-10.20.129.60: 17824,Broker_Pro-VIP-17824,CMDB-IP-F5VIP,1,OPERATING,10.20.129.60
F5VIP-10.20.129.60: 17825,F5VIP-10.20.129.60: 17825,Broker_Pro-VIP-17825,CMDB-IP-F5VIP,1,OPERATING,10.20.129.60
F5VIP-10.20.129.60: 17826,F5VIP-10.20.129.60: 17826,Broker_Pro-VIP-17826,CMDB-IP-F5VIP,1,OPERATING,10.20.129.60
F5VIP-10.20.129.60: 17827,F5VIP-10.20.129.60: 17827,Broker_Pro-VIP-17827,CMDB-IP-F5VIP,1,OPERATING,10.20.129.60
F5VIP-10.20.129.60: 17828,F5VIP-10.20.129.60: 17828,Broker_Pro-VIP-17828,CMDB-IP-F5VIP,1,OPERATING,10.20.129.60
F5VIP-10.20.129.60: 17829,F5VIP-10.20.129.60: 17829,Broker_Pro-VIP-17829,CMDB-IP-F5VIP,1,OPERATING,10.20.129.60
F5VIP-10.20.129.60: 17830,F5VIP-10.20.129.60: 17830,Broker_Pro-VIP-17830,CMDB-IP-F5VIP,1,OPERATING,10.20.129.60
F5VIP-10.20.129.60: 17831,F5VIP-10.20.129.60: 17831,Broker_Pro-VIP-17831,CMDB-IP-F5VIP,1,OPERATING,10.20.129.60
F5VIP-10.20.129.60: 17832,F5VIP-10.20.129.60: 17832,Broker_Pro-VIP-17832,CMDB-IP-F5VIP,1,OPERATING,10.20.129.60
F5VIP-10.20.129.60: 17833,F5VIP-10.20.129.60: 17833,Broker_Pro-VIP-17833,CMDB-IP-F5VIP,1,OPERATING,10.20.129.60
F5VIP-10.20.129.60: 17834,F5VIP-10.20.129.60: 17834,Broker_Pro-VIP-17834,CMDB-IP-F5VIP,1,OPERATING,10.20.129.60
F5VIP-10.20.129.60: 17835,F5VIP-10.20.129.60: 17835,Broker_Pro-VIP-17835,CMDB-IP-F5VIP,1,OPERATING,10.20.129.60
F5VIP-10.20.129.60: 17836,F5VIP-10.20.129.60: 17836,Broker_Pro-VIP-17836,CMDB-IP-F5VIP,1,OPERATING,10.20.129.60
F5VIP-10.20.129.60: 17837,F5VIP-10.20.129.60: 17837,Broker_Pro-VIP-17837,CMDB-IP-F5VIP,1,OPERATING,10.20.129.60
F5VIP-10.20.129.60: 17838,F5VIP-10.20.129.60: 17838,Broker_Pro-VIP-17838,CMDB-IP-F5VIP,1,OPERATING,10.20.129.60
F5VIP-10.20.129.60: 17839,F5VIP-10.20.129.60: 17839,Broker_Pro-VIP-17839,CMDB-IP-F5VIP,1,OPERATING,10.20.129.60
F5VIP-10.20.129.60: 17840,F5VIP-10.20.129.60: 17840,Broker_Pro-VIP-17840,CMDB-IP-F5VIP,1,OPERATING,10.20.129.60
F5VIP-10.20.129.60: 17841,F5VIP-10.20.129.60: 17841,Broker_Pro-VIP-17841,CMDB-IP-F5VIP,1,OPERATING,10.20.129.60
F5VIP-10.20.129.60: 17842,F5VIP-10.20.129.60: 17842,Broker_Pro-VIP-17842,CMDB-IP-F5VIP,1,OPERATING,10.20.129.60
F5VIP-10.20.129.60: 17843,F5VIP-10.20.129.60: 17843,Broker_Pro-VIP-17843,CMDB-IP-F5VIP,1,OPERATING,10.20.129.60
F5VIP-10.20.129.60: 17844,F5VIP-10.20.129.60: 17844,Broker_Pro-VIP-17844,CMDB-IP-F5VIP,1,OPERATING,10.20.129.60
F5VIP-10.20.129.60: 17845,F5VIP-10.20.129.60: 17845,Broker_Pro-VIP-17845,CMDB-IP-F5VIP,1,OPERATING,10.20.129.60
F5VIP-10.20.129.60: 17846,F5VIP-10.20.129.60: 17846,Broker_Pro-VIP-17846,CMDB-IP-F5VIP,1,OPERATING,10.20.129.60
F5VIP-10.20.129.60: 17847,F5VIP-10.20.129.60: 17847,Broker_Pro-VIP-17847,CMDB-IP-F5VIP,1,OPERATING,10.20.129.60
F5VIP-10.20.129.60: 17848,F5VIP-10.20.129.60: 17848,Broker_Pro-VIP-17848,CMDB-IP-F5VIP,1,OPERATING,10.20.129.60
F5VIP-10.20.129.60: 17849,F5VIP-10.20.129.60: 17849,Broker_Pro-VIP-17849,CMDB-IP-F5VIP,1,OPERATING,10.20.129.60
F5VIP-10.20.129.60: 17850,F5VIP-10.20.129.60: 17850,Broker_Pro-VIP-17850,CMDB-IP-F5VIP,1,OPERATING,10.20.129.60
F5VIP-10.20.129.60: 19826,F5VIP-10.20.129.60: 19826,Broker_Pro-VIP-19826,CMDB-IP-F5VIP,1,OPERATING,10.20.129.60
F5VIP-10.20.129.109: 17848,F5VIP-10.20.129.109: 17848,Broker-ENU-VIP-17848,CMDB-IP-F5VIP,1,OPERATING,10.20.129.109
F5VIP-10.19.26.68: 443,F5VIP-10.19.26.68: 443,Business_Process_Manag_VIP_443,CMDB-IP-F5VIP,1,OPERATING,10.19.26.68
F5VIP-10.19.26.68: 80,F5VIP-10.19.26.68: 80,Business_Process_Manag_VIP_80,CMDB-IP-F5VIP,1,OPERATING,10.19.26.68
F5VIP-10.19.245.24: 443,F5VIP-10.19.245.24: 443,Captch-FE_VIP_443,CMDB-IP-F5VIP,1,OPERATING,10.19.245.24
F5VIP-10.190.4.199: 3443,F5VIP-10.190.4.199: 3443,CC-API-Prd-ATS_VIP_3443,CMDB-IP-F5VIP,1,OPERATING,10.190.4.199
F5VIP-10.190.4.199: 443,F5VIP-10.190.4.199: 443,CC-API-Prd-ATS_VIP_443,CMDB-IP-F5VIP,1,OPERATING,10.190.4.199
F5VIP-10.190.4.199: 4443,F5VIP-10.190.4.199: 4443,CC-API-Prd-ATS_VIP_4443,CMDB-IP-F5VIP,1,OPERATING,10.190.4.199
F5VIP-10.190.4.199: 8443,F5VIP-10.190.4.199: 8443,CC-API-Prd-CSI_ECH_vip_8443,CMDB-IP-F5VIP,1,OPERATING,10.190.4.199
F5VIP-10.190.6.199: 443,F5VIP-10.190.6.199: 443,CC-Engn-Prd-ATS_VIP_443,CMDB-IP-F5VIP,1,OPERATING,10.190.6.199
F5VIP-10.190.6.199: 8443,F5VIP-10.190.6.199: 8443,CC-Engn-Prd-ECH-CSI_VIP_8443,CMDB-IP-F5VIP,1,OPERATING,10.190.6.199
F5VIP-10.190.6.39: 3443,F5VIP-10.190.6.39: 3443,CC-FE-Prd-ATS_VIP_3443,CMDB-IP-F5VIP,1,OPERATING,10.190.6.39
F5VIP-10.190.6.39: 7080,F5VIP-10.190.6.39: 7080,CC-FE-Prd-CallRecords_VIP_7080,CMDB-IP-F5VIP,1,OPERATING,10.190.6.39
F5VIP-10.190.6.39: 6443,F5VIP-10.190.6.39: 6443,CC-FE-Prd-FeildOperationPortal_VIP_6443,CMDB-IP-F5VIP,1,OPERATING,10.190.6.39
F5VIP-10.190.6.39: 8090,F5VIP-10.190.6.39: 8090,CC-FE-Prd-IVRDashboard_VIP_8090,CMDB-IP-F5VIP,1,OPERATING,10.190.6.39
F5VIP-10.190.6.39: 5443,F5VIP-10.190.6.39: 5443,CC-FE-Prd-IVRIntegrationPo_VIP_5443,CMDB-IP-F5VIP,1,OPERATING,10.190.6.39
F5VIP-10.190.6.39: 7443,F5VIP-10.190.6.39: 7443,CC-FE-Prd-IVRPortal_VIP_7443,CMDB-IP-F5VIP,1,OPERATING,10.190.6.39
F5VIP-10.190.6.39: 80,F5VIP-10.190.6.39: 80,CC-FE-Prd-Old_ATS_VIP_80,CMDB-IP-F5VIP,1,OPERATING,10.190.6.39
F5VIP-10.190.6.39: 9443,F5VIP-10.190.6.39: 9443,CC-FE-Prd-Outbound_VIP_9443,CMDB-IP-F5VIP,1,OPERATING,10.190.6.39
F5VIP-10.190.6.39: 443,F5VIP-10.190.6.39: 443,CC-FE-Prd-Portal_ATS_VIP_443,CMDB-IP-F5VIP,1,OPERATING,10.190.6.39
F5VIP-10.190.6.39: 8443,F5VIP-10.190.6.39: 8443,CC-FE-Prd-Portal_CSI_VIP_8443,CMDB-IP-F5VIP,1,OPERATING,10.190.6.39
F5VIP-10.190.6.39: 4443,F5VIP-10.190.6.39: 4443,CC-FE-Prd-Portal_ECH_VIP_4443,CMDB-IP-F5VIP,1,OPERATING,10.190.6.39
F5VIP-10.190.130.118: 443,F5VIP-10.190.130.118: 443,CC-WEB-API-VIP-443,CMDB-IP-F5VIP,1,OPERATING,10.190.130.118
F5VIP-10.20.127.36: 443,F5VIP-10.20.127.36: 443,CDR-API-VIP_443,CMDB-IP-F5VIP,1,OPERATING,10.20.127.36
F5VIP-10.19.35.62: 443,F5VIP-10.19.35.62: 443,Chat-bot_BE_VIP_80,CMDB-IP-F5VIP,1,OPERATING,10.19.35.62
F5VIP-10.19.251.102: 443,F5VIP-10.19.251.102: 443,Chat-bot_FE_VIP_443,CMDB-IP-F5VIP,1,OPERATING,10.19.251.102
F5VIP-10.19.251.102: 80,F5VIP-10.19.251.102: 80,Chat-bot_FE_VIP_80,CMDB-IP-F5VIP,1,OPERATING,10.19.251.102
F5VIP-10.19.25.112: 443,F5VIP-10.19.25.112: 443,ChatBot_New_prod_env_VIP-443,CMDB-IP-F5VIP,1,OPERATING,10.19.25.112
F5VIP-10.19.25.112: 80,F5VIP-10.19.25.112: 80,ChatBot_New_prod_env_VIP-80,CMDB-IP-F5VIP,1,OPERATING,10.19.25.112
F5VIP-10.19.25.212: 443,F5VIP-10.19.25.212: 443,ChatBot_New_test_env-Pool-443,CMDB-IP-F5VIP,1,OPERATING,10.19.25.212
F5VIP-10.19.25.212: 80,F5VIP-10.19.25.212: 80,ChatBot_New_test_env-Pool-80,CMDB-IP-F5VIP,1,OPERATING,10.19.25.212
F5VIP-10.19.37.180: 443,F5VIP-10.19.37.180: 443,ChatBot_OrchBE_pro_VIP-443,CMDB-IP-F5VIP,1,OPERATING,10.19.37.180
F5VIP-10.19.37.180: 80,F5VIP-10.19.37.180: 80,ChatBot_OrchBE_pro_VIP-80,CMDB-IP-F5VIP,1,OPERATING,10.19.37.180
F5VIP-10.19.37.180: 9443,F5VIP-10.19.37.180: 9443,ChatBot_OrchBE_pro_VIP-9443,CMDB-IP-F5VIP,1,OPERATING,10.19.37.180
F5VIP-10.19.255.100: 443,F5VIP-10.19.255.100: 443,Chatbot_OrchFE_pro_VIP_443,CMDB-IP-F5VIP,1,OPERATING,10.19.255.100
F5VIP-10.19.255.100: 80,F5VIP-10.19.255.100: 80,Chatbot_OrchFE_pro_VIP_80,CMDB-IP-F5VIP,1,OPERATING,10.19.255.100
F5VIP-10.19.25.69: 22623,F5VIP-10.19.25.69: 22623,ChatBot_prod_env_VIP-22623,CMDB-IP-F5VIP,1,OPERATING,10.19.25.69
F5VIP-10.19.25.70: 443,F5VIP-10.19.25.70: 443,ChatBot_prod_env_VIP-443,CMDB-IP-F5VIP,1,OPERATING,10.19.25.70
F5VIP-10.19.25.69: 6443,F5VIP-10.19.25.69: 6443,ChatBot_prod_env_VIP-6443,CMDB-IP-F5VIP,1,OPERATING,10.19.25.69
F5VIP-10.19.25.70: 80,F5VIP-10.19.25.70: 80,ChatBot_prod_env_VIP-80,CMDB-IP-F5VIP,1,OPERATING,10.19.25.70
F5VIP-10.19.25.200: 443,F5VIP-10.19.25.200: 443,ChatBot_test_env-Pool-443,CMDB-IP-F5VIP,1,OPERATING,10.19.25.200
F5VIP-10.19.25.199: 22623,F5VIP-10.19.25.199: 22623,ChatBot_test_env-VIP-22623,CMDB-IP-F5VIP,1,OPERATING,10.19.25.199
F5VIP-10.19.25.199: 6443,F5VIP-10.19.25.199: 6443,ChatBot_test_env-VIP-6443,CMDB-IP-F5VIP,1,OPERATING,10.19.25.199
F5VIP-10.19.25.200: 80,F5VIP-10.19.25.200: 80,ChatBot_test_env-VIP-80,CMDB-IP-F5VIP,1,OPERATING,10.19.25.200
F5VIP-10.19.28.192: 443,F5VIP-10.19.28.192: 443,Cleansing-Portal-Admin-FE-Prod-APP-VIP_443,CMDB-IP-F5VIP,1,OPERATING,10.19.28.192
F5VIP-10.19.28.160: 443,F5VIP-10.19.28.160: 443,Cleansing-Portal-Technician-FE-API-VIP_443,CMDB-IP-F5VIP,1,OPERATING,10.19.28.160
F5VIP-10.20.21.104: 443,F5VIP-10.20.21.104: 443,CMS_Tst_BE_VIP_443,CMDB-IP-F5VIP,1,OPERATING,10.20.21.104
F5VIP-10.20.21.104: 8443,F5VIP-10.20.21.104: 8443,CMS_Tst_BE_VIP_8443,CMDB-IP-F5VIP,1,OPERATING,10.20.21.104
F5VIP-10.20.21.70: 443,F5VIP-10.20.21.70: 443,CMS_Tst_FE_VIP_443,CMDB-IP-F5VIP,1,OPERATING,10.20.21.70
F5VIP-10.20.21.70: 8443,F5VIP-10.20.21.70: 8443,CMS_Tst_FE_VIP_8443,CMDB-IP-F5VIP,1,OPERATING,10.20.21.70
F5VIP-10.19.57.40: 443,F5VIP-10.19.57.40: 443,CMS-BE-VIP_443,CMDB-IP-F5VIP,1,OPERATING,10.19.57.40
F5VIP-10.19.57.40: 8443,F5VIP-10.19.57.40: 8443,CMS-BE-VIP_8443,CMDB-IP-F5VIP,1,OPERATING,10.19.57.40
F5VIP-10.19.245.230: 443,F5VIP-10.19.245.230: 443,CMS-FE-VIP_443,CMDB-IP-F5VIP,1,OPERATING,10.19.245.230
F5VIP-10.19.245.230: 8443,F5VIP-10.19.245.230: 8443,CMS-FE-VIP_8443,CMDB-IP-F5VIP,1,OPERATING,10.19.245.230
F5VIP-10.22.75.165: 443,F5VIP-10.22.75.165: 443,CMS-GDR-BE-VIP_443,CMDB-IP-F5VIP,1,OPERATING,10.22.75.165
F5VIP-10.22.246.135: 443,F5VIP-10.22.246.135: 443,CMS-GDR-FE-VIP_443,CMDB-IP-F5VIP,1,OPERATING,10.22.246.135
F5VIP-10.19.249.232: 80,F5VIP-10.19.249.232: 80,CompRedirect_FE-VIP-80,CMDB-IP-F5VIP,1,OPERATING,10.19.249.232
F5VIP-10.19.71.36: 19005,F5VIP-10.19.71.36: 19005,Consumption-API_Prod_FBB_19005,CMDB-IP-F5VIP,1,OPERATING,10.19.71.36
F5VIP-10.19.89.139: 443,F5VIP-10.19.89.139: 443,Customer_Journey_VIP_443,CMDB-IP-F5VIP,1,OPERATING,10.19.89.139
F5VIP-10.19.30.138: 443,F5VIP-10.19.30.138: 443,Customer_Outage_IVR_VIP_443,CMDB-IP-F5VIP,1,OPERATING,10.19.30.138
F5VIP-10.19.30.138: 8443,F5VIP-10.19.30.138: 8443,Customer_Outage_Remedy_VIP_8443,CMDB-IP-F5VIP,1,OPERATING,10.19.30.138
F5VIP-10.19.30.138: 80,F5VIP-10.19.30.138: 80,Customer_Outage_VIP_80,CMDB-IP-F5VIP,1,OPERATING,10.19.30.138
F5VIP-10.19.30.138: 8444,F5VIP-10.19.30.138: 8444,Customer_Outage_VIP_8444,CMDB-IP-F5VIP,1,OPERATING,10.19.30.138
F5VIP-10.19.23.50: 443,F5VIP-10.19.23.50: 443,Customer360_BE_VIP_443,CMDB-IP-F5VIP,1,OPERATING,10.19.23.50
F5VIP-10.19.23.50: 80,F5VIP-10.19.23.50: 80,Customer360_BE_VIP_80,CMDB-IP-F5VIP,1,OPERATING,10.19.23.50
F5VIP-10.19.46.67: 80,F5VIP-10.19.46.67: 80,Customer360_FE_VIP_80,CMDB-IP-F5VIP,1,OPERATING,10.19.46.67
F5VIP-10.19.32.10: 443,F5VIP-10.19.32.10: 443,Customer360_VIP_443,CMDB-IP-F5VIP,1,OPERATING,10.19.32.10
F5VIP-10.19.32.10: 80,F5VIP-10.19.32.10: 80,Customer360_VIP_80,CMDB-IP-F5VIP,1,OPERATING,10.19.32.10
F5VIP-10.19.193.10: 80,F5VIP-10.19.193.10: 80,CVM-Kiosek,CMDB-IP-F5VIP,1,OPERATING,10.19.193.10
F5VIP-10.19.193.10: 443,F5VIP-10.19.193.10: 443,CVM-Kiosek_Vip_443,CMDB-IP-F5VIP,1,OPERATING,10.19.193.10
F5VIP-10.19.193.10: 8098,F5VIP-10.19.193.10: 8098,CVM-Kiosek_Vip_8098,CMDB-IP-F5VIP,1,OPERATING,10.19.193.10
F5VIP-10.19.193.10: 8125,F5VIP-10.19.193.10: 8125,CVM-Kiosek_Vip_8125,CMDB-IP-F5VIP,1,OPERATING,10.19.193.10
F5VIP-10.19.248.116: 443,F5VIP-10.19.248.116: 443,DigitalReceipt_App_VIP_443,CMDB-IP-F5VIP,1,OPERATING,10.19.248.116
F5VIP-10.22.76.40: 443,F5VIP-10.22.76.40: 443,DR-FCC-BE-Prod-VIP_443,CMDB-IP-F5VIP,1,OPERATING,10.22.76.40
F5VIP-10.22.246.70: 443,F5VIP-10.22.246.70: 443,DR-WEPG_WEB_2710_VIP_443,CMDB-IP-F5VIP,1,OPERATING,10.22.246.70
F5VIP-10.19.245.70: 12920,F5VIP-10.19.245.70: 12920,Ecare-Srvc-FE_VIP_12920,CMDB-IP-F5VIP,1,OPERATING,10.19.245.70
F5VIP-10.19.245.70: 443,F5VIP-10.19.245.70: 443,Ecare-Srvc-FE_VIP_443,CMDB-IP-F5VIP,1,OPERATING,10.19.245.70
F5VIP-10.19.245.70: 7443,F5VIP-10.19.245.70: 7443,Ecare-Srvc-FE_VIP_7443,CMDB-IP-F5VIP,1,OPERATING,10.19.245.70
F5VIP-10.19.245.70: 8443,F5VIP-10.19.245.70: 8443,Ecare-Srvc-FE_VIP_8443,CMDB-IP-F5VIP,1,OPERATING,10.19.245.70
F5VIP-10.19.245.70: 9443,F5VIP-10.19.245.70: 9443,Ecare-Srvc-FE_VIP_9443,CMDB-IP-F5VIP,1,OPERATING,10.19.245.70
F5VIP-10.19.57.136: 443,F5VIP-10.19.57.136: 443,ECRM-APP-Prod_FE_VIP_443,CMDB-IP-F5VIP,1,OPERATING,10.19.57.136
F5VIP-10.19.57.180: 443,F5VIP-10.19.57.180: 443,ECRM-Reporting-Prod_VIP_443,CMDB-IP-F5VIP,1,OPERATING,10.19.57.180
F5VIP-10.19.187.199: 443,F5VIP-10.19.187.199: 443,E-Invoice-TAX-Back-ext-VIP-443,CMDB-IP-F5VIP,1,OPERATING,10.19.187.199
F5VIP-10.19.187.198: 443,F5VIP-10.19.187.198: 443,E-Invoice-TAX-Back-int-VIP-443,CMDB-IP-F5VIP,1,OPERATING,10.19.187.198
F5VIP-10.19.187.198: 444,F5VIP-10.19.187.198: 444,E-Invoice-TAX-Back-int-VIP-444,CMDB-IP-F5VIP,1,OPERATING,10.19.187.198
F5VIP-10.19.187.138: 443,F5VIP-10.19.187.138: 443,E-Invoice-TAX-Collector-VIP-443,CMDB-IP-F5VIP,1,OPERATING,10.19.187.138
F5VIP-10.19.187.137: 443,F5VIP-10.19.187.137: 443,E-Invoice-TAX-FE-WEB-VIP-443,CMDB-IP-F5VIP,1,OPERATING,10.19.187.137
F5VIP-10.19.187.136: 443,F5VIP-10.19.187.136: 443,E-Invoice-TAX-reporting-VIP-443,CMDB-IP-F5VIP,1,OPERATING,10.19.187.136
F5VIP-10.19.249.164: 443,F5VIP-10.19.249.164: 443,E-Invoice-TAX-submit-un-VIP-443,CMDB-IP-F5VIP,1,OPERATING,10.19.249.164
F5VIP-10.19.250.14: 80,F5VIP-10.19.250.14: 80,Epayment-Test-Web,CMDB-IP-F5VIP,1,OPERATING,10.19.250.14
F5VIP-10.19.250.14: 443,F5VIP-10.19.250.14: 443,Epayment-Test-Web_vip_443,CMDB-IP-F5VIP,1,OPERATING,10.19.250.14
F5VIP-10.19.251.14: 80,F5VIP-10.19.251.14: 80,Epayment-Web_HTTP,CMDB-IP-F5VIP,1,OPERATING,10.19.251.14
F5VIP-10.19.251.14: 443,F5VIP-10.19.251.14: 443,Epayment-Web_HTTPS,CMDB-IP-F5VIP,1,OPERATING,10.19.251.14
F5VIP-10.19.47.68: 443,F5VIP-10.19.47.68: 443,E-Receipt-FE-VIP-443,CMDB-IP-F5VIP,1,OPERATING,10.19.47.68
F5VIP-10.19.248.148: 443,F5VIP-10.19.248.148: 443,EReciept-ETA-API-Prod-VIP-443,CMDB-IP-F5VIP,1,OPERATING,10.19.248.148
F5VIP-10.19.47.85: 443,F5VIP-10.19.47.85: 443,EReciept-ETA-BE-VIP_443,CMDB-IP-F5VIP,1,OPERATING,10.19.47.85
F5VIP-10.19.151.35: 993,F5VIP-10.19.151.35: 993,Exchange_2019_IMAP_VIP_993,CMDB-IP-F5VIP,1,OPERATING,10.19.151.35
F5VIP-10.19.151.35: 110,F5VIP-10.19.151.35: 110,Exchange_2019_POP3_VIP_110,CMDB-IP-F5VIP,1,OPERATING,10.19.151.35
F5VIP-10.19.151.35: 995,F5VIP-10.19.151.35: 995,Exchange_2019_POP3_VIP_995,CMDB-IP-F5VIP,1,OPERATING,10.19.151.35
F5VIP-10.19.151.60: 143,F5VIP-10.19.151.60: 143,Exchange_IMAP_VIP_143,CMDB-IP-F5VIP,1,OPERATING,10.19.151.60
F5VIP-10.19.151.60: 993,F5VIP-10.19.151.60: 993,Exchange_IMAP_VIP_993,CMDB-IP-F5VIP,1,OPERATING,10.19.151.60
F5VIP-10.19.151.60: 110,F5VIP-10.19.151.60: 110,Exchange_POP3_VIP_110,CMDB-IP-F5VIP,1,OPERATING,10.19.151.60
F5VIP-10.19.151.60: 995,F5VIP-10.19.151.60: 995,Exchange_POP3_VIP_995,CMDB-IP-F5VIP,1,OPERATING,10.19.151.60
F5VIP-10.19.151.120: 25,F5VIP-10.19.151.120: 25,Exchange_SMTP_VIP_25,CMDB-IP-F5VIP,1,OPERATING,10.19.151.120
F5VIP-10.19.254.25: 25,F5VIP-10.19.254.25: 25,Exchange-FrontEnd_2019_VIP_25,CMDB-IP-F5VIP,1,OPERATING,10.19.254.25
F5VIP-10.19.254.30: 587,F5VIP-10.19.254.30: 587,Exchange-FrontEnd_587_VIP,CMDB-IP-F5VIP,1,OPERATING,10.19.254.30
F5VIP-10.19.254.30: 25,F5VIP-10.19.254.30: 25,Exchange-FrontEnd_VIP,CMDB-IP-F5VIP,1,OPERATING,10.19.254.30
F5VIP-10.19.245.104: 443,F5VIP-10.19.245.104: 443,EXT-AgentWiki_VIP_443,CMDB-IP-F5VIP,1,OPERATING,10.19.245.104
F5VIP-10.20.128.235: 443,F5VIP-10.20.128.235: 443,External-Channel-Prod_VIP-443,CMDB-IP-F5VIP,1,OPERATING,10.20.128.235
F5VIP-10.20.128.227: 443,F5VIP-10.20.128.227: 443,Externl_Channel-test-443,CMDB-IP-F5VIP,1,OPERATING,10.20.128.227
F5VIP-10.20.128.227: 80,F5VIP-10.20.128.227: 80,Externl_Channel-test-80,CMDB-IP-F5VIP,1,OPERATING,10.20.128.227
F5VIP-10.19.135.144: 443,F5VIP-10.19.135.144: 443,FCC_integrat_VIP_433,CMDB-IP-F5VIP,1,OPERATING,10.19.135.144
F5VIP-10.19.135.114: 443,F5VIP-10.19.135.114: 443,FCC_user_VIP_433,CMDB-IP-F5VIP,1,OPERATING,10.19.135.114
F5VIP-10.19.63.84: 443,F5VIP-10.19.63.84: 443,Fiber-Indexation_Portal_VIP_443,CMDB-IP-F5VIP,1,OPERATING,10.19.63.84
F5VIP-10.19.139.12: 80,F5VIP-10.19.139.12: 80,FixedVoiceFranchisers_BE_VIP,CMDB-IP-F5VIP,1,OPERATING,10.19.139.12
F5VIP-10.19.251.170: 80,F5VIP-10.19.251.170: 80,FixedVoiceFranchisers_FE_VIP,CMDB-IP-F5VIP,1,OPERATING,10.19.251.170
F5VIP-10.20.129.197: 443,F5VIP-10.20.129.197: 443,FTTH_Portal_extenal_FE_VIP_443,CMDB-IP-F5VIP,1,OPERATING,10.20.129.197
F5VIP-10.19.25.137: 10090,F5VIP-10.19.25.137: 10090,FVNO_BE_VIP,CMDB-IP-F5VIP,1,OPERATING,10.19.25.137
F5VIP-10.19.37.170: 80,F5VIP-10.19.37.170: 80,FVNO_BE_VIP_80,CMDB-IP-F5VIP,1,OPERATING,10.19.37.170
F5VIP-10.19.37.170: 443,F5VIP-10.19.37.170: 443,FVNO_BE_VIP_Etisalat_443,CMDB-IP-F5VIP,1,OPERATING,10.19.37.170
F5VIP-10.19.25.137: 443,F5VIP-10.19.25.137: 443,FVNO_BE_VIP_Voda_443,CMDB-IP-F5VIP,1,OPERATING,10.19.25.137
F5VIP-10.19.253.40: 80,F5VIP-10.19.253.40: 80,FVNO_FE_VIP,CMDB-IP-F5VIP,1,OPERATING,10.19.253.40
F5VIP-10.19.255.232: 443,F5VIP-10.19.255.232: 443,FVNO_FE_VIP_443,CMDB-IP-F5VIP,1,OPERATING,10.19.255.232
F5VIP-10.19.32.70: 443,F5VIP-10.19.32.70: 443,Gate_Keeper_VIP_443,CMDB-IP-F5VIP,1,OPERATING,10.19.32.70
F5VIP-10.19.32.70: 80,F5VIP-10.19.32.70: 80,Gate_Keeper_VIP_80,CMDB-IP-F5VIP,1,OPERATING,10.19.32.70
F5VIP-10.19.50.167: 7080,F5VIP-10.19.50.167: 7080,Gis-app-portal_VIP-7080,CMDB-IP-F5VIP,1,OPERATING,10.19.50.167
F5VIP-10.19.50.167: 7443,F5VIP-10.19.50.167: 7443,Gis-app-portal_VIP-7443,CMDB-IP-F5VIP,1,OPERATING,10.19.50.167
F5VIP-10.19.50.167: 6080,F5VIP-10.19.50.167: 6080,Gis-app-server_VIP-6080,CMDB-IP-F5VIP,1,OPERATING,10.19.50.167
F5VIP-10.19.50.167: 6443,F5VIP-10.19.50.167: 6443,Gis-app-server_VIP-6443,CMDB-IP-F5VIP,1,OPERATING,10.19.50.167
F5VIP-10.19.248.68: 443,F5VIP-10.19.248.68: 443,Gis-app-web-adaptor_VIP-443,CMDB-IP-F5VIP,1,OPERATING,10.19.248.68
F5VIP-10.19.248.68: 80,F5VIP-10.19.248.68: 80,Gis-app-web-adaptor_VIP-80,CMDB-IP-F5VIP,1,OPERATING,10.19.248.68
F5VIP-10.19.138.150: 80,F5VIP-10.19.138.150: 80,GIS-Sys-App.-VIP,CMDB-IP-F5VIP,1,OPERATING,10.19.138.150
F5VIP-10.19.138.150: 8001,F5VIP-10.19.138.150: 8001,GIS-Sys-App.-VIP-8001,CMDB-IP-F5VIP,1,OPERATING,10.19.138.150
F5VIP-10.19.195.175: 13080,F5VIP-10.19.195.175: 13080,HP-Service-Management-App,CMDB-IP-F5VIP,1,OPERATING,10.19.195.175
F5VIP-10.19.192.145: 8080,F5VIP-10.19.192.145: 8080,HP-Service-Management-Web,CMDB-IP-F5VIP,1,OPERATING,10.19.192.145
F5VIP-10.19.39.114: 443,F5VIP-10.19.39.114: 443,HR_Web_BE_VIP_443,CMDB-IP-F5VIP,1,OPERATING,10.19.39.114
F5VIP-10.19.251.114: 443,F5VIP-10.19.251.114: 443,HR_Web_FE_VIP_443,CMDB-IP-F5VIP,1,OPERATING,10.19.251.114
F5VIP-10.190.10.7: 443,F5VIP-10.190.10.7: 443,I-Listen_FE-Prod-443,CMDB-IP-F5VIP,1,OPERATING,10.190.10.7
F5VIP-10.19.186.59: 443,F5VIP-10.19.186.59: 443,Internal-New-FrontEnd-Sharepoint-VIP443,CMDB-IP-F5VIP,1,OPERATING,10.19.186.59
F5VIP-10.19.36.183: 6443,F5VIP-10.19.36.183: 6443,INTNOC_BE_VIP_6443,CMDB-IP-F5VIP,1,OPERATING,10.19.36.183
